# 向数据库中加入测试数据

# college表
# 院系号（主码）、院系名、院长
INSERT INTO college
VALUES (50001, '计算机学院', '张院长'),
       (50002, '化学学院', '李院长'),
       (50003, '物理学院', '王院长'),
       (50004, '数学学院', '赵院长'),
       (50005, '生物学院', '陈院长');

# major表
# 专业号（主码）、专业名称、所属院系、要求总学分
INSERT INTO major
VALUES (40001, '计算机科学与技术', 50001, 160),
       (40002, '软件工程', 50001, 160),
       (40003, '网络工程', 50001, 160),
       (40004, '信息安全', 50001, 160),
       (40005, '化学', 50002, 160),
       (40006, '物理学', 50003, 160),
       (40007, '数学', 50004, 160),
       (40008, '生物学', 50005, 160);

# student表
# 学号（主码）、姓名、性别、身份证号、手机号、民族、籍贯、学历层次、专业号
INSERT INTO student
VALUES (10001, '张三', '男', '110101200001011234', '13812345678', '汉族', '北京', '本科', 40001),
       (10002, '李四', '女', '110101200001011235', '13812345699', '汉族', '上海', '硕士', 40001),
       (10003, '王五', '男', '120101199912311236', '13812345670', '壮族', '广州', '本科', 40002),
       (10004, '赵六', '女', '130202199803012237', '13812345671', '回族', '深圳', '本科', 40002),
       (10005, '陈七', '男', '140303199706050238', '13812345672', '满族', '北京', '博士', 40003),
       (10006, '周八', '女', '150404199611251239', '13812345673', '蒙古族', '北京', '硕士', 40004),
       (10007, '吴九', '男', '210505198512141230', '13812345674', '藏族', '北京', '本科', 40005),
       (10008, '郑十', '女', '220606198410131231', '13812345675', '朝鲜族', '北京', '硕士', 40006),
       (10009, '孙十一', '男', '230707198308151232', '13812345676', '哈萨克族', '北京', '本科', 40007),
       (10010, '杨十二', '女', '310808198212161233', '13812345677', '维吾尔族', '北京', '博士', 40008);

# teacher表
# 教师编号（主码）、姓名、性别、身份证号、手机号、所在学院、职称
INSERT INTO teacher
VALUES (20001, '张老师', '男', '120101197501012345', '15812345678', 50001, '教授'),
       (20002, '李老师', '女', '130202197601012346', '15812345699', 50001, '副教授'),
       (20003, '王老师', '男', '140303197701012347', '15812345670', 50002, '讲师'),
       (20004, '赵老师', '女', '150404197801012348', '15812345671', 50002, '助教'),
       (20005, '陈老师', '男', '210505197901012349', '15812345672', 50003, '教授'),
       (20006, '周老师', '女', '220606198001012350', '15812345673', 50003, '副教授'),
       (20007, '吴老师', '男', '230707198101012351', '15812345674', 50004, '讲师'),
       (20008, '郑老师', '女', '310808198201012352', '15812345675', 50004, '助教'),
       (20009, '孙老师', '男', '410909198301012353', '15812345676', 50005, '教授'),
       (20010, '杨老师', '女', '510101198401012354', '15812345677', 50005, '副教授');

# course表
# 课程号（主码）、课程名称、开课专业、学分、课时、课程类型、上课时间、上课地点。
INSERT INTO course (cno, cname, cmajor, ccredit, cfull_time, ctype, ctime, cplace)
VALUES (30001, '数据库', 40001, 4, 64, '必修', '16:00', '教学楼101'),
       (30002, '数据结构', 40001, 4, 64, '必修', '14:00', '教学楼102'),
       (30003, '操作系统', 40001, 4, 64, '必修', '10:00', '教学楼103'),
       (30004, '计算机网络', 40001, 4, 64, '必修', '08:00', '教学楼104'),
       (30005, '软件工程', 40002, 4, 64, '必修', '16:00', '教学楼105'),
       (30006, '网络工程', 40003, 4, 64, '必修', '14:00', '教学楼106'),
       (30007, '信息安全', 40004, 4, 64, '必修', '10:00', '教学楼107'),
       (30008, '化学基础', 40005, 4, 64, '必修', '08:00', '教学楼108'),
       (30009, '物理基础', 40006, 4, 64, '必修', '16:00', '教学楼109'),
       (30010, '数学分析', 40007, 4, 64, '必修', '14:00', '教学楼110'),
       (30011, '生物学', 40008, 4, 64, '必修', '10:00', '教学楼111');

# reward_punish表
# 奖惩编号（主码）、奖惩内容、奖励或惩罚
INSERT INTO reward_punish
VALUES (60001, '优秀学生奖', '奖励'),
       (60002, '违纪行为惩罚', '惩罚'),
       (60003, '学术竞赛获奖', '奖励'),
       (60004, '违反校规', '惩罚'),
       (60005, '学科竞赛获奖', '奖励');

# student_course表
# 学号、课程号、成绩
INSERT INTO student_course (sno, cno, grade)
VALUES (10001, 30008, 98),
       (10001, 30003, 79),
       (10001, 30007, 72),
       (10001, 30002, 81),
       (10002, 30006, 92),
       (10002, 30003, 88),
       (10002, 30011, 75),
       (10003, 30005, NULL),
       (10003, 30001, 67),
       (10003, 30009, 85),
       (10004, 30007, 71);

# teacher_course表
# 教师编号、课程号
INSERT INTO teacher_course
VALUES (20001, 30001),
       (20001, 30002),
       (20002, 30003),
       (20002, 30004),
       (20003, 30005),
       (20003, 30006),
       (20004, 30007),
       (20004, 30008),
       (20005, 30009),
       (20005, 30010),
       (20006, 30011),
       (20006, 30001),
       (20007, 30002),
       (20007, 30003),
       (20008, 30004),
       (20008, 30005),
       (20009, 30006),
       (20009, 30007),
       (20010, 30008),
       (20010, 30009);

# student_reward_punish表
# 学号、奖惩编号
INSERT INTO student_reward_punish
VALUES (10001, 60001),
       (10001, 60002),
       (10002, 60004),
       (10002, 60005),
       (10003, 60001),
       (10003, 60002),
       (10004, 60004),
       (10004, 60005);